
[
    {
        "error_code": 3000,
        "internal_error": "list not found",
        "public_error": "ErrorParsingJSON",
        "http_code": 400,
        "status":true
    },
    {
        "error_code": 3001,
        "internal_error": "error parsing data in signup controller",
        "public_error": "ErrorInvalidInputData",
        "http_code": 400,
        "status": true
    },
    {
        "error_code": 3002,
        "internal_error": "error unmarshalling JSON in services.Signup.RegisterUser",
        "public_error": "ErrorInvalidInputSignupData",
        "http_code": 400,
        "status": true
    },
    {
        "error_code": 3003,
        "internal_error": "non addressed database error",
        "public_error": "ErrorInvalidInputDatabase",
        "http_code": 400,
        "status": true
    },
    {
        "error_code": 3004,
        "internal_error": "unknown duplicate key",
        "public_error": "ErrorInvalidInputDuplicateData",
        "http_code": 400,
        "status": true
    },
    {
        "error_code": 3005,
        "internal_error": "uid already exists",
        "public_error": "ErrorUserIDAlreadyExists",
        "http_code": 400,
        "status": true
    },
    {
        "error_code": 3006,
        "internal_error": "mobno already exists",
        "public_error": "ErrorMobileNumberAlreadyExists",
        "http_code": 400,
        "status": true
    },
    {
        "error_code": 3007,
        "internal_error": "duplicate primary key error in unknown table",
        "public_error": "ErrorUserAlreadyExists",
        "http_code": 400,
        "status": true
    },
    {
        "error_code": 3008,
        "internal_error": "duplicate unique key error with unknown table or field",
        "public_error": "ErrorUserAlreadyExist",
        "http_code": 400,
        "status": true
    },
    {
        "error_code": 3009,
        "internal_error": "unknown token",
        "public_error": "ErrorUnknownUser",
        "http_code": 400,
        "status": true
    },
    {
        "error_code": 3010,
        "internal_error": "invalid token",
        "public_error": "ErrorInvalidUser",
        "http_code": 400,
        "status": true
    },
    {
        "error_code": 3011,
        "internal_error": "invalid token",
        "public_error": "ErrorInvalidUsers",
        "http_code": 400,
        "status": true
    },
    {
        "error_code": 3012,
        "internal_error": "uid not foud",
        "public_error": "ErrorUserDoesNotExist",
        "http_code": 400,
        "status": true
    },
    {
        "error_code": 3013,
        "internal_error": "password does not match",
        "public_error": "ErrorUserIDORPasswordDoesNotMatch",
        "http_coded": 400,
        "status": true
    },
    {
        "error_code":3014,
        "internal_error": "error unmarshalling JSON in services.Forget_password",
        "public_error": "ErrorInvalidInputDataForForgetPassword",
        "http_code": 400,
        "status": true
    },
    {
        "error_code": 3015,
        "internal_error": "error unmarshalling JSON in services.Chnage_password",
        "public_error": "ErrorInvalidInputDataFORChangePassword",
        "http_code": 400,
        "status": true
    },
    {
        "error_code": 3016,
        "internal_error": "password and confirm password does not match",
        "public_error": "ErrorPasswordandConfirmPasswordDoesNotMatch",
        "http_code": 400,
        "status": true
    },
    {
        "error_code": 3017,
        "internal_error": "new mobnum and confirm new mobile num  does not match",
        "public_error": "ErrorNewMobnumandConfirmnewMobnumDoesNotMatch",
        "http_code": 400,
        "status": true
    },
    {
        "error_code": 3018,
        "internal_error": "otp sent to  mobile num  does not match",
        "public_error": "ErrorOTPsenttoMobilenumDoesNotMatch",
        "http_code": 400,
        "status": true
    },
    {
        "error_code": 3019,
        "internal_error": "invalid bank_detail",
        "public_error": "ErrorInvalidBankDetails",
        "http_code": 400,
        "status": true
    },
    {
        "error_code": 3020,
        "internal_error": "http error check server is running",
        "public_error": "ErrorInternalServerError",
        "http_code": 500,
        "status": true
    },
    {
        "error_code": 3021,
        "internal_error": "http error check dinero response",
        "public_error": "ErrorReadingDineroResponse",
        "http_code": 500,
        "status": true
    },
    {
        "error_code": 3022,
        "internal_error": "http error unmartshalling dinero response",
        "public_error": "ErrorUnmarshallingResponse",
        "http_code": 500,
        "status": true
    },

    {
        "error_code": 3023,
        "internal_error": "receiver does not exist",
        "public_error": "ErrorReceiverdoesnotexist",
        "http_code": 400,
        "status": true
    },
    {
        "error_code": 3024,
        "internal_error": "list not found",
        "public_error": "ErrorListnotExist",
        "http_code": 400,
        "status":true
    },
    {
        "error_code": 3025,
        "internal_error": "list not found",
        "public_error": "ErrorRecordNotFound ",
        "http_code": 400,
        "status":true
    },
    {
        "error_code": 3026,
        "internal_error": "missing query parameters ",
        "public_error": "Query Parameters Are Missing",
        "http_code": 400,
        "status":true
    },
    {

        "error_code": 3027,
        "internal_error": "Upload To S3 Failed",
        "public_error": "Image Upload Failed",
        "http_code": 400,
        "status": true
    },
    {
        "error_code": 3028,
        "internal_error": "error invalid inputdata declareSI",
        "public_error": "  ErrorInvalidInputDataDeclareSI ",
        "http_code": 400,
        "status":true
    },


    {
        "error_code": 5000,
        "internal_error": "user created",
        "public_error": "SucessUserCreated",
        "http_code": 200,
        "status":false
    },
    {
        "error_code": 5001,
        "internal_error": "valid token",
        "public_error": "SucessUserValidated",
        "http_code": 200
    },
    {
        "error_code": 5002,
        "internal_error": "password matched",
        "public_error": "SucessLoginSuccess",
        "http_code": 200,
        "status": false
    },
    {
        "error_code": 5003,
        "internal_error": "new user created",
        "public_error": "SucessNewUserCreated",
        "http_code": 200,
        "status": false
    },
    {
        "error_code": 5004,
        "internal_error": "password change",
        "public_error": "SucessPasswordChanged",
        "http_code": 200,
        "status": false
    },
    {
        "error_code": 5005,
        "internal_error": "otp send to phone",
        "public_error": "SuccessOTPSendToPhone",
        "http_code": 200,
        "status": false
    },
    {
        "error_code": 5006,
        "internal_error": "otp verified sucessfully",
        "public_error": "SuccessOTPverified",
        "http_code": 200,
        "status": false
    },
    {
        "error_code": 5007,
        "internal_error": "bank account done sucessfully",
        "public_error": "SuccessBankaccountDetails",
        "http_code": 200,
        "status": false
    },
    {
        "error_code": 5008,
        "internal_error": "token verified",
        "public_error": "SuccessTokenVerified ",
        "http_code": 200,
        "status": false
    },
    {
        "error_code": 5009,
        "internal_error": "kyc verified",
        "public_error": "SucessKycVerified",
        "http_code": 200,
        "status": false
    },
    {
        "error_code": 5010,
        "internal_error": "created account",
        "public_error": "SuccessCreatedAccount ",
        "http_code": 200,
        "status": false
    },
    {
        "error_code": 5011,
        "internal_error": "userkeys verified",
        "public_error": "SuccessUserkeysVerified",
        "http_code": 200,
        "status": false
    },
    {
        "error_code": 5012,
        "internal_error": "receiver verified",
        "public_error": "SuccessReceiverVerified",
        "http_code": 200,
        "status": false
    },
    {
        "error_code": 5013,
        "internal_error": "kyc doc list obtained",
        "public_error": "SuccessKYCdoclist",
        "http_code": 200,
        "status": false
    },
    {
        "error_code": 5014,
        "internal_error": "userdetails updated",
        "public_error": "SuccessUserDetailsUpdated",
        "http_code": 200,
        "status": false
    },
    {
        "error_code": 5015,
        "internal_error": "kyc details updated",
        "public_error": "SucessKycDetailsUpdated ",
        "http_code": 200,
        "status": false
    },
    {
        "error_code": 5016,
        "internal_error": "user extended details updated",
        "public_error": "SuccessUserExtendUpdated ",
        "http_code": 200,
        "status": false
    },

    {
        "error_code": 5017,
        "internal_error": "Get Active Status Success",
        "public_error": "Get Active Status Success",
        "http_code": 200,
        "status": false
    },
    {
        "error_code": 5018,
        "internal_error": "Image upload to S3 bucket success",
        "public_error": "Image upload success",
        "http_code": 200,
        "status": false
    },   
    {
        "error_code": 5019,
        "internal_error": "sucess declare si ",
        "public_error": "SuccessDeclareStandingInstructio ",
        "http_code": 200,
        "status": false
    },
    {
        "error_code": 5020,
        "internal_error": "sucess reading from user_accounts table ",
        "public_error": "SuccessGetUserAccount",
        "http_code": 200,
        "status": false
    },
    {
        "error_code": 5021,
        "internal_error": "sucess reading from user_accounts table ",
        "public_error": "SuccessGetPendingStandingInstruction",
        "http_code": 200,
        "status": false
    },
    {
        "error_code": 5022,
        "internal_error": "sucess inserting into PaymentcollectionStandingInstruction tables  ",
        "public_error": "SuccessInsertApprovalStandingInstruction",
        "http_code": 200,
        "status": false
    }



]